{
  "assetsByChunkName": {
    "path---camper": [
      "path---camper-2b07c06d93d3e2303610.js",
      "path---camper-2b07c06d93d3e2303610.js.map"
    ],
    "path---hoodrats": [
      "path---hoodrats-2645369a48831cf59516.js",
      "path---hoodrats-2645369a48831cf59516.js.map"
    ],
    "path---shoekeeper": [
      "path---shoekeeper-884a9dc18771c2d96ec1.js",
      "path---shoekeeper-884a9dc18771c2d96ec1.js.map"
    ],
    "component---src-pages-index-js": [
      "component---src-pages-index-js-e8cc94a526ce65e16950.js",
      "component---src-pages-index-js-e8cc94a526ce65e16950.js.map"
    ],
    "path---kinos": [
      "path---kinos-338d4eef31023ee10045.js",
      "path---kinos-338d4eef31023ee10045.js.map"
    ],
    "path---cheek": [
      "path---cheek-bd6b74f620bf466dfac1.js",
      "path---cheek-bd6b74f620bf466dfac1.js.map"
    ],
    "path---tourdancer": [
      "path---tourdancer-99b6d4448d9b2d557753.js",
      "path---tourdancer-99b6d4448d9b2d557753.js.map"
    ],
    "path---": [
      "path----557518bd178906f8d58a.js",
      "path----557518bd178906f8d58a.js.map"
    ],
    "path---ojanen": [
      "path---ojanen-283b168e24409cb17d50.js",
      "path---ojanen-283b168e24409cb17d50.js.map"
    ],
    "path---cityman": [
      "path---cityman-20800a7ea536233eb175.js",
      "path---cityman-20800a7ea536233eb175.js.map"
    ],
    "path---manserama": [
      "path---manserama-55f323ae4ca1b11bf9cf.js",
      "path---manserama-55f323ae4ca1b11bf9cf.js.map"
    ],
    "path---lauramoisio": [
      "path---lauramoisio-0d49e6123bcbdb1961be.js",
      "path---lauramoisio-0d49e6123bcbdb1961be.js.map"
    ],
    "path---tonteri": [
      "path---tonteri-ac99e0cdc059048e1d1b.js",
      "path---tonteri-ac99e0cdc059048e1d1b.js.map"
    ],
    "path---elriogrind": [
      "path---elriogrind-05204ac8d26fa8356540.js",
      "path---elriogrind-05204ac8d26fa8356540.js.map"
    ],
    "path---hervanta": [
      "path---hervanta-e0b8bc0635bdf9a6a583.js",
      "path---hervanta-e0b8bc0635bdf9a6a583.js.map"
    ],
    "component---src-layouts-index-js": [
      "component---src-layouts-index-js-46fc7fdc64eae694559e.js",
      "component---src-layouts-index-js-46fc7fdc64eae694559e.js.map"
    ],
    "path---diez": [
      "path---diez-8039f31f541ef176280f.js",
      "path---diez-8039f31f541ef176280f.js.map"
    ],
    "path---index": [
      "path---index-113a688a720f5ccf1478.js",
      "path---index-113a688a720f5ccf1478.js.map"
    ],
    "path---view": [
      "path---view-f3100c0a6d16e58b8064.js",
      "path---view-f3100c0a6d16e58b8064.js.map"
    ],
    "component---src-templates-story-js": [
      "component---src-templates-story-js-5523aedadf65ba73000f.js",
      "component---src-templates-story-js-5523aedadf65ba73000f.js.map"
    ],
    "path---barcelona": [
      "path---barcelona-972be27653e4fa2bf97e.js",
      "path---barcelona-972be27653e4fa2bf97e.js.map"
    ],
    "component---src-pages-404-js": [
      "component---src-pages-404-js-9a4c0ef6d8a94633f561.js",
      "component---src-pages-404-js-9a4c0ef6d8a94633f561.js.map"
    ],
    "path---juhannus": [
      "path---juhannus-c98007cfb471991b1207.js",
      "path---juhannus-c98007cfb471991b1207.js.map"
    ],
    "path---balkan": [
      "path---balkan-a0f99b8a0176230480fd.js",
      "path---balkan-a0f99b8a0176230480fd.js.map"
    ],
    "path---sauna": [
      "path---sauna-b6df569d93056b1fc709.js",
      "path---sauna-b6df569d93056b1fc709.js.map"
    ],
    "commons": [
      "commons-5ffad0295fd1bf4d5a0e.js",
      "build-js-styles.css",
      "commons-5ffad0295fd1bf4d5a0e.js.map",
      "build-js-styles.css.map"
    ],
    "path---pallas": [
      "path---pallas-1c574554bf471a0c1f3e.js",
      "path---pallas-1c574554bf471a0c1f3e.js.map"
    ],
    "path---vvv": [
      "path---vvv-caaeb93c5bd9a7336fdc.js",
      "path---vvv-caaeb93c5bd9a7336fdc.js.map"
    ],
    "path---maraballs": [
      "path---maraballs-357440a7551e9fc5c458.js",
      "path---maraballs-357440a7551e9fc5c458.js.map"
    ],
    "path---riksgransen": [
      "path---riksgransen-1cb4461b39796ae3476d.js",
      "path---riksgransen-1cb4461b39796ae3476d.js.map"
    ],
    "path---ettala": [
      "path---ettala-ce8ef29fb0e5aff0b11b.js",
      "path---ettala-ce8ef29fb0e5aff0b11b.js.map"
    ],
    "path---404-html": [
      "path---404-html-a0e39f21c11f6a62c5ab.js",
      "path---404-html-a0e39f21c11f6a62c5ab.js.map"
    ],
    "path---whisper": [
      "path---whisper-38dc0745737c35a36c1a.js",
      "path---whisper-38dc0745737c35a36c1a.js.map"
    ],
    "path---haamu": [
      "path---haamu-4c6e4caf27dbe248a64c.js",
      "path---haamu-4c6e4caf27dbe248a64c.js.map"
    ],
    "path---diver": [
      "path---diver-7bfbe241db1726e34a42.js",
      "path---diver-7bfbe241db1726e34a42.js.map"
    ],
    "path---pride": [
      "path---pride-20d6cd2eefbb1b491961.js",
      "path---pride-20d6cd2eefbb1b491961.js.map"
    ],
    "path---hongkong": [
      "path---hongkong-bd27529cb65ee14cfb17.js",
      "path---hongkong-bd27529cb65ee14cfb17.js.map"
    ],
    "path---saarihelvetti": [
      "path---saarihelvetti-029fea3e9915573b932c.js",
      "path---saarihelvetti-029fea3e9915573b932c.js.map"
    ],
    "path---westbank": [
      "path---westbank-ec6c5fe662d01ebbc8b8.js",
      "path---westbank-ec6c5fe662d01ebbc8b8.js.map"
    ],
    "path---mmen": [
      "path---mmen-ff909518256735dd438b.js",
      "path---mmen-ff909518256735dd438b.js.map"
    ],
    "app": [
      "app-2bfcda2e2492d90df640.js",
      "build-js-styles.css",
      "app-2bfcda2e2492d90df640.js.map",
      "build-js-styles.css.map"
    ],
    "path---kauriinmetsastajat": [
      "path---kauriinmetsastajat-3050db482618a137d1b5.js",
      "path---kauriinmetsastajat-3050db482618a137d1b5.js.map"
    ],
    "path---pyrinto": [
      "path---pyrinto-bae8c66c07e9f5129a27.js",
      "path---pyrinto-bae8c66c07e9f5129a27.js.map"
    ],
    "path---cumolo": [
      "path---cumolo-216dab7850039ce38ad7.js",
      "path---cumolo-216dab7850039ce38ad7.js.map"
    ],
    "path---404": [
      "path---404-a0e39f21c11f6a62c5ab.js",
      "path---404-a0e39f21c11f6a62c5ab.js.map"
    ],
    "path---toolonkettera": [
      "path---toolonkettera-058b7d9626780ae8e6cc.js",
      "path---toolonkettera-058b7d9626780ae8e6cc.js.map"
    ],
    "path---pinguino": [
      "path---pinguino-798fafa9fd4dfb2d5290.js",
      "path---pinguino-798fafa9fd4dfb2d5290.js.map"
    ],
    "path---pkn": [
      "path---pkn-64ab7f7f76baf2d67255.js",
      "path---pkn-64ab7f7f76baf2d67255.js.map"
    ],
    "path---kymppitiistai": [
      "path---kymppitiistai-c7d9dd03b7df86003df8.js",
      "path---kymppitiistai-c7d9dd03b7df86003df8.js.map"
    ],
    "path---majuri": [
      "path---majuri-2e4c97169c7f5b31f9a9.js",
      "path---majuri-2e4c97169c7f5b31f9a9.js.map"
    ],
    "path---hooligans": [
      "path---hooligans-f2319ae1ecf082ba9d34.js",
      "path---hooligans-f2319ae1ecf082ba9d34.js.map"
    ],
    "path---slc": [
      "path---slc-8b4f6a53426c1663f822.js",
      "path---slc-8b4f6a53426c1663f822.js.map"
    ],
    "path---silkinpehmee": [
      "path---silkinpehmee-0ccd4bd86d18693d1b45.js",
      "path---silkinpehmee-0ccd4bd86d18693d1b45.js.map"
    ],
    "path---huumetukka": [
      "path---huumetukka-083e0cf3084ade940406.js",
      "path---huumetukka-083e0cf3084ade940406.js.map"
    ],
    "path---theholy": [
      "path---theholy-ba35df7c78a003836fc6.js",
      "path---theholy-ba35df7c78a003836fc6.js.map"
    ],
    "path---vikkula": [
      "path---vikkula-80f857b0aabae5ee2449.js",
      "path---vikkula-80f857b0aabae5ee2449.js.map"
    ],
    "path---skiordie": [
      "path---skiordie-573e7b60b26a4f7937e1.js",
      "path---skiordie-573e7b60b26a4f7937e1.js.map"
    ]
  }
}